YouTube URL:,processed
https://youtu.be/Oa_RSwwpPaA,Y
https://youtu.be/f4Y3b7un4LE?si=c7Gp0hLZUijnZkMC,Y
https://youtu.be/ZJL4UGSbeFg?si=UvIGuVpOS0kYm7y-,Y
https://youtu.be/cDlGFbBipCo?si=mzsJJm_FTVxBnvNO,Y
https://youtu.be/eh-72yBP7sw?si=KiVOlkY1lANQsdEb,Y
https://youtu.be/CX11yw6YL1w?si=Rb52PR4RZVTi-OmU,Y
https://youtu.be/_oYSiPBUuC8?si=29qXw-hl9sUDiPcy,Y
https://youtu.be/HCm6gRHINqA?si=pQFxUhknG30u5S94,Y
https://youtu.be/-tJYN-eG1zk?si=c77MB68Lh6mICBFs,Y
https://youtu.be/aT5JaB5agSE?si=6-7jtbgkEGAUeD1c,Y
https://youtu.be/kwwaWVP2PGE?si=-PNFPc0wRtPiFbaT,Y
https://youtu.be/ILtz5nX3_fc?si=Zuv7ILWWhIfFOWW7,Y
https://youtu.be/n3nqyrkv3WI?si=mKc0tZSusiFmB5Bf,Y
https://youtu.be/SlWBJ7MTV8M?si=EpqWWRrnNFfaxfgK,Y
https://www.youtube.com/watch?v=eYCFrcCqh7Q,Y
https://www.youtube.com/watch?v=RCOJqWrsl1s,Y
https://www.youtube.com/watch?v=di1XUB0YIzw,Y
https://www.youtube.com/watch?v=izQAo6gh5Fs,Y
https://youtu.be/RI-HOQ27QEM?si=Y_qpaUZHwAOJRA3q,Y
https://youtu.be/LJ-kpDVrRWM?si=9p2p5puZQOavf2s8,Y
https://www.youtube.com/watch?v=3au75f1M4QU,Y
https://www.youtube.com/watch?v=1gX1EP6mG-E,Y
https://www.youtube.com/watch?v=qsXmTBTcHz8,Y
https://www.youtube.com/watch?v=X9fLbfzCqWw,Y
https://www.youtube.com/watch?v=hiwgOWo7mDc,Y
https://www.youtube.com/watch?v=djV11Xbc914,Y
https://www.youtube.com/watch?v=HgzGwKwLmgM,Y
https://www.youtube.com/watch?v=ZHwVBirqD2s,Y
https://www.youtube.com/watch?v=RIHExGaxfPE,Y
https://www.youtube.com/watch?v=bWcASV2sey0,Y
https://www.youtube.com/watch?v=Eo-KmOd3i7s,Y
https://www.youtube.com/watch?v=GQMlWwIXg3M,Y
https://www.youtube.com/watch?v=9bZkp7q19f0,Y
https://www.youtube.com/watch?v=fWNaR-rxAic,Y
https://www.youtube.com/watch?v=4fndeDfaWCg,Y
https://www.youtube.com/watch?v=PWgvGjAhvIw,Y
https://www.youtube.com/watch?v=FGBhQbmPwH8,Y
https://www.youtube.com/watch?v=dTAAsCNK7RA,Y
https://www.youtube.com/watch?v=ejorQVy3m8E,Y
https://www.youtube.com/watch?v=eFTLKWw542g,Y
https://www.youtube.com/watch?v=W_TOsFvnmeQ,Y
https://www.youtube.com/watch?v=79DijItQXMM,Y
https://www.youtube.com/watch?v=93lrosBEW-Q,Y
https://www.youtube.com/watch?v=nytpYtLtHpE,Y
https://www.youtube.com/watch?v=js7mx3EgiDU,Y
https://www.youtube.com/watch?v=RNprQYHenNI,Y
https://www.youtube.com/watch?v=zgnHF2CwrPs,Y
https://www.youtube.com/watch?v=LDT--4pqtqs,Y
https://www.youtube.com/watch?v=j9MfuWSQoWc,Y
https://www.youtube.com/watch?v=YVVTZgwYwVo,Y
https://www.youtube.com/watch?v=6hLy9bbP_YM,Y
https://www.youtube.com/watch?v=dtqI1LkI268,Y
https://www.youtube.com/watch?v=Skq4IQmt58o,Y
https://www.youtube.com/watch?v=pqB7m1UE3Fs,Y
https://www.youtube.com/watch?v=GSXxCoq90-s,Y
https://www.youtube.com/watch?v=woO9FidFa6o,Y
https://www.youtube.com/watch?v=yCAuXWRvwWw,Y
https://www.youtube.com/watch?v=v5HqpxsQuxM,Y
https://www.youtube.com/watch?v=JN9E0er7DEw,Y
https://www.youtube.com/watch?v=euh2HljXSMU,Y
https://youtu.be/IK8OOpeYHC4?si=J6BKlAKkVIxnhmwJ,Y
https://www.youtube.com/watch?v=rJe3yyvLprk,Y
https://www.youtube.com/watch?v=ZJocdnMvTYs,Y
https://www.youtube.com/watch?v=Z9UoOm5VvYM,Y
https://www.youtube.com/watch?v=fVSrtw20BxA,Y
https://www.youtube.com/watch?v=cPAbx5kgCJo,Y
https://www.youtube.com/watch?v=SXKlJuO07eM,Y
https://www.youtube.com/watch?v=GC_mV1IpjWA,Y
https://www.youtube.com/watch?v=25QyCxVkXwQ,Y
https://www.youtube.com/watch?v=GibiNy4d4gc,Y
https://www.youtube.com/watch?v=TXbHShUnwxY,Y
https://www.youtube.com/watch?v=hZ1Rb9hC4JY,Y
https://www.youtube.com/watch?v=9ogQ0uge06o,Y
https://www.youtube.com/watch?v=glDGAo9SIqs,Y
https://www.youtube.com/watch?v=RRq7lLawQB4,Y
https://www.youtube.com/watch?v=nTCuQ5FzhYg,Y
https://www.youtube.com/watch?v=HiqmZLOaD8o,Y
https://www.youtube.com/watch?v=aEryAoLfnAA,Y
https://www.youtube.com/watch?v=zc3MnoSS5Hw,Y
https://www.youtube.com/watch?v=99Op1TaXmCw,Y
https://www.youtube.com/watch?v=KtsV4bWPHsY,Y
https://www.youtube.com/watch?v=-WcHPFUwd6U,Y
https://www.youtube.com/watch?v=4DE5a80I8EU,Y
https://www.youtube.com/watch?v=VNKuARjkWEg,Y
https://www.youtube.com/watch?v=7iZsOIKYd_w,Y
https://youtu.be/btPJPFnesV4?si=zFgV-ejcxFipsomH,Y
https://youtu.be/cZid3J36wH8?si=lbpqr83ozOy9pMKJ,Y
https://youtu.be/124BHimejVg?si=vPmLmorFLjyywL1T,Y
https://www.youtube.com/watch?v=e__Pp4FxsjU,Y
https://www.youtube.com/watch?v=b-D8CQPpzqU,Y
https://www.youtube.com/watch?v=IdSpiRD28j8,Y
https://www.youtube.com/watch?v=HTN2tC3jY0Y,Y
https://www.youtube.com/watch?v=F16O5OAK2K8,Y
https://www.youtube.com/watch?v=tPcxqpMbcSg,Y
https://www.youtube.com/watch?v=mJICrhJD4-M,Y
https://www.youtube.com/watch?v=kXB-Ibr55LI,Y
https://youtu.be/vx2u5uUu3DE?si=uwmjJS2326rAfxYn,Y
https://youtu.be/SRvCvsRp5ho?si=t63D6cXVZpvHheeQ,Y
https://youtu.be/LnSYihRoGA4?feature=shared,Y
